Place_ID,Place_Name,Place_Location,Place_Region,Place_Price,Place_Rating,Place_Opening_Hours,Latitude,Longitude,Place_Category,Locate_URL
1,Warung Babi Guling Pak Malen," Gianyar, Bali, Indonesia",East Bali,50000, 4.6, 10:00 AM – 8:00 PM,-8.6848,115.1691,Culinary,https://maps.app.goo.gl/UUumvGccvaaE8h9G7
2,Warung Mak Beng," Sanur, Denpasar, Bali, Indonesia",East Bali,40000, 4.5, 9:00 AM – 5:00 PM,-8.67378,115.263,Culinary,https://maps.app.goo.gl/dZPoYLe5pGxKdTDg6
3,Ibu Oka Babi Guling," Ubud, Gianyar, Bali, Indonesia",East Bali,50000,4.1,11:00 AM - 6:00 PM,-8.50577,115.2643,Culinary,https://maps.app.goo.gl/x1dkkdQ1dxGRz1An7
4,Bebek Tepi Sawah Restaurant," Ubud, Gianyar, Bali, Indonesia",East Bali,150000, 4.5, 10:00 AM – 10:00 PM,-8.67198,115.165,Culinary,https://maps.app.goo.gl/ZQM7Pxw2sdUxzrWA9
5,Locavore," Ubud, Gianyar, Bali, Indonesia",East Bali,790000, 4.8," 12:00 PM – 2:00 PM, 6:00 PM – 9:00 PM",-8.50996,115.2635,Culinary,https://maps.app.goo.gl/F2ttTG6qYiUBXhZE6
6,Naughty Nuri's Warung," Ubud, Gianyar, Bali, Indonesia",East Bali,200000, 4.7, 11:00 AM – 10:30 PM,-8.49231,115.2533,Culinary,https://maps.app.goo.gl/Et13AyMLp3H4ezot5
7,Bambu Indah Restaurant," Ubud, Gianyar, Bali, Indonesia",East Bali,250000, 4.5, 7:00 AM – 11:00 PM,-8.51273,115.2371,Culinary,https://maps.app.goo.gl/RDoCc3Szhbt7V5Ve8
8,Swept Away at The Samaya," Ubud, Gianyar, Bali, Indonesia",East Bali,400000, 4.6, 11:00 AM – 11:00 PM,-8.51363,115.2372,Culinary,https://maps.app.goo.gl/vKbLxLSUFadKrxkPA
9,Melting Wok Warung," Ubud, Gianyar, Bali, Indonesia",East Bali,100000, 4.7, 6:30 PM – 10:00 PM,-8.50953,115.2642,Culinary,https://maps.app.goo.gl/PQjiAT2yYvcGaAMA6
10,The Sayan House," Ubud, Gianyar, Bali, Indonesia",East Bali,200000, 4.6, 12:00 PM – 10:00 PM,-8.49861,115.2438,Culinary,https://maps.app.goo.gl/tuGU435q11Z4NNh48
11,Bridges Bali," Ubud, Gianyar, Bali, Indonesia",East Bali,350000, 4.6, 11:00 AM – 10:00 PM,-8.50507,115.2542,Culinary,https://maps.app.goo.gl/mAzrpAeGycBkZAmz8
12,Clear Cafe," Ubud, Gianyar, Bali, Indonesia",East Bali,150000, 4.5, 8:00 AM – 10:00 PM,-8.50929,115.265,Culinary,https://maps.app.goo.gl/PNtLmhDkgaAJgpuZ8
13,Moksa Plant-based Restaurant," Sayan, Ubud, Gianyar, Bali, Indonesia",East Bali,250000, 4.7, 11:00 AM – 10:00 PM,-8.50731,115.2456,Culinary,https://maps.app.goo.gl/QwHMF4ErkLqBzKpM6
14,Kubu at Mandapa," Kedewatan, Ubud, Gianyar, Bali, Indonesia",East Bali,800000, 4.8, 6:30 PM – 10:30 PM,-8.48576,115.2443,Culinary,https://maps.app.goo.gl/aCDvBUAgr4GZUyyz6
15,Bridges Bali," Ubud, Gianyar, Bali, Indonesia",East Bali,350000, 4.6, 11:00 AM – 10:00 PM,-8.50507,115.2542,Culinary,Double dengan B12?
16,Uma Cucina," Ubud, Gianyar, Bali, Indonesia",East Bali,250000, 4.7, 12:00 PM – 10:30 PM,-8.49161,115.2536,Culinary,https://maps.app.goo.gl/jrkJ1jg2S6t5jYeF8
17,Locavore To Go," Ubud, Gianyar, Bali, Indonesia",East Bali,200000, 4.6, 8:00 AM – 8:00 PM,-8.51038,115.2642,Culinary,https://maps.app.goo.gl/PyHgg9VfohvU7e8AA
18,The Sayan House," Ubud, Gianyar, Bali, Indonesia",East Bali,200000, 4.6, 12:00 PM – 10:00 PM,-8.49861,115.2438,Culinary,Double dengan B11?
19,Tepi Sawah Restaurant," Ubud, Gianyar, Bali, Indonesia",East Bali,150000, 4.5, 10:00 AM – 10:00 PM,-8.67198,115.165,Culinary,NA
20,Swept Away at The Samaya," Ubud, Gianyar, Bali, Indonesia",East Bali,400000, 4.6, 11:00 AM – 11:00 PM,-8.51363,115.2372,Culinary,Double dengan B9?
21,Melting Wok Warung," Ubud, Gianyar, Bali, Indonesia",East Bali,100000, 4.7, 6:30 PM – 10:00 PM,-8.50953,115.2642,Culinary,Double dengan B10?
22,Dumbo," Gianyar, Bali, Indonesia",East Bali,50000, 4.4, 10:00 AM – 10:00 PM,-8.49847,115.2531,Culinary,https://maps.app.goo.gl/kj8ptHPHyJV6qub89
23,Element Restaurant," Gianyar, Bali, Indonesia",East Bali,200000, 4.5, 7:00 AM – 11:00 PM,-8.50623,115.2529,Culinary,https://maps.app.goo.gl/EMKtWWzWV2zwxABSA
24,Alchemy," Ubud, Gianyar, Bali, Indonesia",East Bali,150000, 4.6, 7:00 AM – 10:00 PM,-8.50623,115.2516,Culinary,https://maps.app.goo.gl/tjCCve2YqsLSWcKLA
25,Warung Pondok Madu," Gianyar, Bali, Indonesia",East Bali,50000, 4.5, 8:00 AM – 10:00 PM,-8.5165,115.2663,Culinary,https://maps.app.goo.gl/a6EuZG1HTxYLBkX98
26,Warung Bambu Pemaron," Pemaron, Lovina, Buleleng Regency, Bali, Indonesia", North Bali,100000, 4.5, 10:00 AM – 10:00 PM,-8.12935,115.0615,Culinary,https://maps.app.goo.gl/S277DCrUr6jQHyEn8
27,Spice Beach Club," Lovina Beach, Lovina, Buleleng Regency, Bali, Indonesia", North Bali,200000, 4.6, 10:00 AM – 11:00 PM,-8.16403,115.0209,Culinary,https://maps.app.goo.gl/vpNLuGtK8oDXUksF9
28,Jasmine Kitchen," Kalibukbuk, Lovina, Buleleng Regency, Bali, Indonesia", North Bali,80000, 4.5, 7:30 AM – 10:00 PM,-8.16163,115.0254,Culinary,https://maps.app.goo.gl/wxjTy5mUh5dijjV28
29,Warung Ayu Lovina," Lovina Beach, Lovina, Buleleng Regency, Bali, Indonesia", North Bali,70000, 4.5, 8:00 AM – 10:00 PM,-8.16003,115.0288,Culinary,https://maps.app.goo.gl/9eJ8cV5yBfbsoHNX7
30,Buda Bakery & Resto," Lovina Beach, Lovina, Buleleng Regency, Bali, Indonesia", North Bali,100000, 4.6, 7:00 AM – 10:00 PM,-8.16425,115.0333,Culinary,https://maps.app.goo.gl/H1gHRD8uqX6kSXtN7
31,Warung Mina," Lovina Beach, Lovina, Buleleng Regency, Bali, Indonesia", North Bali,90000, 4.5, 8:00 AM – 10:00 PM,-8.6823,115.1554,Culinary,https://maps.app.goo.gl/mvubYL7TTQu9U7Gy5
32,Spice Beach Club," Lovina Beach, Lovina, Buleleng Regency, Bali, Indonesia", North Bali,200000, 4.6, 10:00 AM – 11:00 PM,-8.16403,115.0209,Culinary,Double dengan B28?
33,Warung Jegeg," Kalibukbuk, Lovina, Buleleng Regency, Bali, Indonesia", North Bali,80000, 4.5, 8:00 AM – 10:00 PM,-8.16166,115.0271,Culinary,https://maps.app.goo.gl/GcyWTd5iThF99oYD8
34,Bali Tower Restaurant," Munduk, Buleleng Regency, Bali, Indonesia", North Bali,150000, 4.5, 7:00 AM – 10:00 PM,-8.14376,114.5473,Culinary,https://maps.app.goo.gl/LfUKReqqDTCDPpR49
35,Lovina Beach Restaurant," Lovina Beach, Lovina, Buleleng Regency, Bali, Indonesia", North Bali,120000, 4.5, 7:00 AM – 10:00 PM,-8.16115,115.0248,Culinary,NA
36,Warung Apple," Lovina Beach, Lovina, Buleleng Regency, Bali, Indonesia", North Bali,80000, 4.4, 8:00 AM – 10:00 PM,-8.15959,115.0268,Culinary,https://maps.app.goo.gl/y3xUBR1ctUWW291V9
37,Warung Made Lovina," Lovina Beach, Lovina, Buleleng Regency, Bali, Indonesia", North Bali,90000, 4.5, 8:00 AM – 10:00 PM,-8.12667,115.0314,Culinary,https://maps.app.goo.gl/Za7tGo4rJqGtYzv87
38,Sea Breeze Candidasa," Candidasa, Karangasem Regency, Bali, Indonesia", North Bali,150000, 4.5, 11:00 AM – 11:00 PM,-8.50415,115.5441,Culinary,https://maps.app.goo.gl/3vXAC3A27fEN7bX38
39,Warung Kadek Arimbawa," Kalibukbuk, Lovina, Buleleng Regency, Bali, Indonesia", North Bali,80000, 4.4, 7:00 AM – 10:00 PM,-8.53653,115.5085,Culinary,NA
40,Kakatua Bar & Restaurant," Kalibukbuk, Lovina, Buleleng Regency, Bali, Indonesia", North Bali,120000, 4.5, 7:00 AM – 11:00 PM,-8.16164,115.025,Culinary,https://maps.app.goo.gl/ByQtKnp5tkc6Q5tBA
41,The Damai Restaurant," Kalibukbuk, Lovina, Buleleng Regency, Bali, Indonesia", North Bali,200000, 4.6, 7:00 AM – 11:00 PM,-8.18124,115.044,Culinary,https://maps.app.goo.gl/MLfA2fq1E7XvzWGM6
42,The Global Village Kafe," Kalibukbuk, Lovina, Buleleng Regency, Bali, Indonesia", North Bali,80000, 4.5, 8:00 AM – 10:00 PM,-8.16171,115.0267,Culinary,https://maps.app.goo.gl/9Ni5XCHftRiEGgQR9
43,Warung Buda Bakery & Restaurant," Kalibukbuk, Lovina, Buleleng Regency, Bali, Indonesia", North Bali,100000, 4.5, 7:00 AM – 10:00 PM,-8.16422,115.0334,Culinary,https://maps.app.goo.gl/H1gHRD8uqX6kSXtN7
44,Sea Breeze Candidasa," Candidasa, Karangasem Regency, Bali, Indonesia", North Bali,150000, 4.5, 11:00 AM – 11:00 PM,-8.50415,115.5441,Culinary,Double dengan B39
45,Warung Wayan," Lovina Beach, Lovina, Buleleng Regency, Bali, Indonesia", North Bali,90000, 4.5, 8:00 AM – 10:00 PM,-8.56465,115.2113,Culinary,NA
46,Spice Beach Club," Lovina Beach, Lovina, Buleleng Regency, Bali, Indonesia", North Bali,200000, 4.6, 10:00 AM – 11:00 PM,-8.16403,115.0209,Culinary,Double dengan B33
47,Warung Lagong," Kalibukbuk, Lovina, Buleleng Regency, Bali, Indonesia", North Bali,80000, 4.5, 8:00 AM – 10:00 PM,-8.52831,115.338,Culinary,https://maps.app.goo.gl/sJ5B15X61q9gEfrA9
48,Jasmine Kitchen," Kalibukbuk, Lovina, Buleleng Regency, Bali, Indonesia", North Bali,80000, 4.5, 7:30 AM – 10:00 PM,-8.16163,115.0254,Culinary,Double dengan B29
49,Warung Ayu Lovina," Lovina Beach, Lovina, Buleleng Regency, Bali, Indonesia", North Bali,70000, 4.5, 8:00 AM – 10:00 PM,-8.15993,115.029,Culinary,Double dengan B30
50,Buda Bakery & Resto," Lovina Beach, Lovina, Buleleng Regency, Bali, Indonesia", North Bali,100000, 4.6, 7:00 AM – 10:00 PM,-8.16425,115.0333,Culinary,Double dengan B31
51,Warung Made," Jalan Raya Seminyak, Seminyak, Badung Regency, Bali, Indonesia", South Bali,100000, 4.5, 10:00 AM – 11:00 PM,-8.41952,115.1994,Culinary,NA
52,Potato Head Beach Club," Jalan Petitenget, Seminyak, Badung Regency, Bali, Indonesia", South Bali,300000, 4.6, 11:00 AM – 2:00 AM,-8.67934,115.1502,Culinary,https://maps.app.goo.gl/AALmTenAbg8Cqw8A8
53,Bambu Bali," Jalan Raya Petitenget, Seminyak, Badung Regency, Bali, Indonesia", South Bali,250000, 4.5, 6:00 PM – 11:00 PM,-8.51194,115.2378,Culinary,https://maps.app.goo.gl/apcUiyF3jbAoiynw5
54,Sisterfields Cafe," Jalan Kayu Cendana, Seminyak, Badung Regency, Bali, Indonesia", South Bali,150000, 4.6, 7:00 AM – 10:00 PM,-8.68349,115.1577,Culinary,https://maps.app.goo.gl/8pM7UuW1VY1oz8Fw8
55,La Lucciola," Jalan Petitenget, Seminyak, Badung Regency, Bali, Indonesia", South Bali,250000, 4.5, 9:00 AM – 12:00 AM,-8.68233,115.152,Culinary,https://maps.app.goo.gl/aA7uHKsjMNbVyW6U6
56,Ku De Ta," Jalan Kayu Aya, Seminyak, Badung Regency, Bali, Indonesia", South Bali,300000, 4.6, 8:00 AM – 2:00 AM,-8.68692,115.1548,Culinary,https://maps.app.goo.gl/a2gnCH8exauTgM7K9
57,Motel Mexicola," Jalan Kayujati, Seminyak, Badung Regency, Bali, Indonesia", South Bali,150000, 4.5, 11:00 AM – 2:00 AM,-8.68216,115.1538,Culinary,https://maps.app.goo.gl/WHaSGbfZycBiPsNq7
58,Metis Restaurant and Gallery," Jalan Petitenget No. 6, Seminyak, Badung Regency, Bali, Indonesia", South Bali,400000, 4.6, 11:00 AM – 2:00 AM,-8.67181,115.1619,Culinary,https://maps.app.goo.gl/hHdATEaEvMDg5rZY8
59,Warung Nia," Jalan Pantai Kuta, Kuta, Badung Regency, Bali, Indonesia", South Bali,80000, 4.5, 10:00 AM – 11:00 PM,-8.68611,115.1566,Culinary,https://maps.app.goo.gl/VYrr7CNfsEMh1k227
60,Ultimo Italian Restaurant," Jalan Kayu Aya, Seminyak, Badung Regency, Bali, Indonesia", South Bali,200000, 4.5, 11:00 AM – 11:00 PM,-8.684,115.1599,Culinary,https://maps.app.goo.gl/DuzooXeqyeC5MPci8
61,The Bistrot," Jalan Kayu Aya, Seminyak, Badung Regency, Bali, Indonesia", South Bali,200000, 4.6, 8:00 AM – 1:00 AM,-8.68383,115.163,Culinary,https://maps.app.goo.gl/zgY7NNSkTprGHy4k8
62,Warung Made," Jalan Raya Seminyak, Seminyak, Badung Regency, Bali, Indonesia", South Bali,100000, 4.5, 10:00 AM – 11:00 PM,-8.41952,115.1994,Culinary,NA
63,Revolver Espresso," Jalan Kayu Aya, Seminyak, Badung Regency, Bali, Indonesia", South Bali,60000, 4.6, 7:00 AM – 5:00 PM,-8.68445,115.158,Culinary,https://maps.app.goo.gl/hBz43tPWUSNhJmr69
64,Sardine," Jalan Petitenget, Seminyak, Badung Regency, Bali, Indonesia", South Bali,300000, 4.5, 11:30 AM – 12:00 AM,-8.67133,115.1626,Culinary,https://maps.app.goo.gl/27DSQtJvPvHY1k568
65,La Plancha," Jalan Mesari Beach, Seminyak, Badung Regency, Bali, Indonesia", South Bali,200000, 4.5, 11:00 AM – 2:00 AM,-8.69441,115.1597,Culinary,https://maps.app.goo.gl/V9JdE4cQ1e1wAF6X7
66,Metis Restaurant and Gallery," Jalan Petitenget No. 6, Seminyak, Badung Regency, Bali, Indonesia", South Bali,400000, 4.6, 11:00 AM – 2:00 AM,-8.67181,115.1619,Culinary,Double B59
67,Naughty Nuri's Warung," Jalan Mertanadi, Seminyak, Badung Regency, Bali, Indonesia", South Bali,150000, 4.5, 11:00 AM – 10:30 PM,-8.49231,115.2533,Culinary,Double B7
68,Sangsaka Restaurant," Jalan Pangkung Sari, Seminyak, Badung Regency, Bali, Indonesia", South Bali,250000, 4.5, 6:00 PM – 11:00 PM,-8.67837,115.1605,Culinary,https://maps.app.goo.gl/gHeBjQz9BzhbVecw6
69,Warung Nia," Jalan Pantai Kuta, Kuta, Badung Regency, Bali, Indonesia", South Bali,80000, 4.5, 10:00 AM – 11:00 PM,-8.68611,115.1566,Culinary,Double B60
70,Mozzarella Restaurant and Bar," Jalan Pantai Kuta, Kuta, Badung Regency, Bali, Indonesia", South Bali,150000, 4.5, 10:00 AM – 11:00 PM,-8.68853,115.1667,Culinary,https://maps.app.goo.gl/ubtsteumcGykTg4KA
71,Warung Indonesia," Jalan Legian, Kuta, Badung Regency, Bali, Indonesia", South Bali,80000, 4.4, 11:00 AM – 11:00 PM,-8.35521,116.0403,Culinary,https://maps.app.goo.gl/uzLicXLs7ETnNNb99
72,Kunti III," Seminyak, Badung Regency, Bali, Indonesia", South Bali,100000, 4.5, 11:00 AM – 11:00 PM,-8.65008,115.1618,Culinary,https://maps.app.goo.gl/PjFBiYWVNnzttj4MA
73,The Honeybees," Jalan Dewi Sri, Kuta, Badung Regency, Bali, Indonesia", South Bali,80000, 4.4, 8:00 AM – 10:00 PM,-8.67332,115.1582,Culinary,https://maps.app.goo.gl/GBVenTPZerXvQJC58
74,Corner House Bali," Jalan Laksmana, Seminyak, Badung Regency, Bali, Indonesia", South Bali,150000, 4.6, 8:00 AM – 12:00 AM,-8.7223,115.1757,Culinary,https://maps.app.goo.gl/vWqFg3xRBwJB19uH9
75,Warung Eropa," Jalan Raya Seminyak, Seminyak, Badung Regency, Bali, Indonesia", South Bali,80000, 4.5, 8:00 AM – 10:00 PM,-8.67376,115.1575,Culinary,https://maps.app.goo.gl/Y9taXjvtN7qgpnst9
76,Warung D'Sawah," Banyuwedang, Gerokgak, Buleleng Regency, Bali, Indonesia", West Bali,80000, 4.5, 9:00 AM – 9:00 PM,-8.66381,115.1635,Culinary,https://maps.app.goo.gl/sujWfUdRSGRGS9N86
77,Pohon Pisang Restaurant," Banyuwedang, Gerokgak, Buleleng Regency, Bali, Indonesia", West Bali,100000, 4.4, 11:00 AM – 10:00 PM,-8.69605,115.1793,Culinary,https://maps.app.goo.gl/g1g5gGv2MSatUwC67
78,The Menjangan Resort Bali," Banyuwedang, Gerokgak, Buleleng Regency, Bali, Indonesia", West Bali,200000, 4.6, 7:00 AM – 10:00 PM,-8.1434,114.5469,Culinary,https://maps.app.goo.gl/RxJ4sVQvgYch8Vnf8
79,Warung Banyuwedang," Banyuwedang, Gerokgak, Buleleng Regency, Bali, Indonesia", West Bali,70000, 4.5, 10:00 AM – 9:00 PM,-8.13868,114.5708,Culinary,NA
80,Bali Tower Restaurant," Melaya, Jembrana Regency, Bali, Indonesia", West Bali,150000, 4.5, 7:00 AM – 10:00 PM,-8.14376,114.5473,Culinary,Double B35
81,Damai Restaurant," Lalanglinggah, Selemadeg, Tabanan Regency, Bali, Indonesia", West Bali,200000, 4.6, 7:00 AM – 11:00 PM,-8.18124,115.044,Culinary,Double B42
82,Menjangan Dynasty Resort - Pasir Putih Restaurant," Banyuwedang, Gerokgak, Buleleng Regency, Bali, Indonesia", West Bali,150000, 4.5, 7:00 AM – 10:00 PM,-8.13486,114.562,Culinary,https://maps.app.goo.gl/bc2qkrEuhEPSxizb9
83,Buda Bakery & Resto," Banyuwedang, Gerokgak, Buleleng Regency, Bali, Indonesia", West Bali,100000, 4.5, 7:00 AM – 10:00 PM,-8.16425,115.0333,Culinary,Double B31
84,WakaGangga Restaurant," Sudimara, Selemadeg, Tabanan Regency, Bali, Indonesia", West Bali,150000, 4.5, 7:00 AM – 10:00 PM,-8.58672,115.0649,Culinary,https://maps.app.goo.gl/7yLhX49tkfpcw6KA6
85,Yeh Panes Restaurant," Selemadeg, Tabanan Regency, Bali, Indonesia", West Bali,120000, 4.5, 7:00 AM – 10:00 PM,-8.21081,114.9671,Culinary,https://maps.app.goo.gl/yxdwbuEyXtSjyvBJA
86,Soka Indah Restaurant & Cafe," Selemadeg, Tabanan Regency, Bali, Indonesia", West Bali,100000, 4.5, 7:00 AM – 10:00 PM,-8.52872,114.997,Culinary,https://maps.app.goo.gl/6p5QbEi2RGFjap468
87,Menega Cafe," Jimbaran, Badung Regency, Bali, Indonesia", West Bali,150000, 4.6, 11:00 AM – 10:00 PM,-8.78072,115.1644,Culinary,https://maps.app.goo.gl/Huz7Go3Fqqxtteet9
88,Jukung Grill," Jimbaran, Badung Regency, Bali, Indonesia", West Bali,200000, 4.6, 11:00 AM – 10:00 PM,-8.76719,115.2232,Culinary,https://maps.app.goo.gl/51zdWVRSgJVRXYyt9
89,Cuca Flavor," Jimbaran, Badung Regency, Bali, Indonesia", West Bali,400000, 4.7, 12:00 PM – 10:00 PM,-8.77254,115.1698,Culinary,https://maps.app.goo.gl/ALYj4gKfnhAFV3UQ8
90,Blue Marlin Bali," Banyuwedang, Gerokgak, Buleleng Regency, Bali, Indonesia", West Bali,150000, 4.5, 7:00 AM – 10:00 PM,-8.76427,115.1699,Culinary,https://maps.app.goo.gl/fd8dVsSXGnpUnx5S7
91,Banyuwedang Hot Spring Water," Banyuwedang, Gerokgak, Buleleng Regency, Bali, Indonesia", West Bali,20000, 4.4, 8:00 AM – 6:00 PM,-8.139,114.5706,Culinary,https://maps.app.goo.gl/JwaWn9ZSypdDvspk9
92,Bluefin Bali," Banyuwedang, Gerokgak, Buleleng Regency, Bali, Indonesia", West Bali,150000, 4.5, 10:00 AM – 10:00 PM,-8.6957,115.2103,Culinary,https://maps.app.goo.gl/vofd5ycniJZwPrGj9
93,Lesehan Segara," Lalanglinggah, Selemadeg, Tabanan Regency, Bali, Indonesia", West Bali,100000, 4.5, 7:00 AM – 11:00 PM,-8.28138,115.5969,Culinary,https://maps.app.goo.gl/6i7sJ6Wd22HX77Yq7
94,Babi Guling Pak Malen," Mumbul, Mengwi, Badung Regency, Bali, Indonesia", West Bali,50000, 4.6, 10:00 AM – 8:00 PM,-8.6848,115.1691,Culinary,Double B2
95,WarungCulinary Sri Bali," Melaya, Jembrana Regency, Bali, Indonesia", West Bali,80000, 4.5, 10:00 AM – 10:00 PM,-8.2674,114.1646,Culinary,https://maps.app.goo.gl/vpTPr5SHfZ5fac2j6
96,Warung D'Sawah," Banyuwedang, Gerokgak, Buleleng Regency, Bali, Indonesia", West Bali,80000, 4.5, 9:00 AM – 9:00 PM,-8.66381,115.1635,Culinary,Double B77
97,Palasari Dam Terrace," Palasari, Melaya, Jembrana Regency, Bali, Indonesia", West Bali,80000, 4.5, 7:00 AM – 10:00 PM,-8.24714,114.5511,Culinary,https://maps.app.goo.gl/8MxB918LFrYiHdJ46
98,Medewi Beach Inn Restaurant," Yeh Sumbul, Pekutatan, Jembrana Regency, Bali, Indonesia", West Bali,100000, 4.5, 7:00 AM – 10:00 PM,-8.41837,114.8063,Culinary,https://maps.app.goo.gl/jFrHZUxssYgiMuCA9
99,Sardine," Lalanglinggah, Selemadeg, Tabanan Regency, Bali, Indonesia", West Bali,300000, 4.6, 11:30 AM – 12:00 AM,-8.6714,115.1626,Culinary,Double B65
100,Alon-Alon Puncak Mangu Restaurant," Mangu, Tabanan Regency, Bali, Indonesia", West Bali,100000, 4.5, 7:00 AM – 10:00 PM,-8.26967,115.2199,Culinary,https://maps.app.goo.gl/imJy5UhdeHw5M1ZKA
101,The Menjangan Resort," Banyuwedang, Gerokgak, Buleleng Regency, Bali, Indonesia", West Bali,2500000, 4.5," Check-in: 2:00 PM, Check-out: 12:00 PM",-8.14368,114.5469,Accommodation,https://maps.app.goo.gl/2xmUPUJPqHuzLhsJA
102,The Villas at The Menjangan," Banyuwedang, Gerokgak, Buleleng Regency, Bali, Indonesia", West Bali,3000000, 4.6," Check-in: 2:00 PM, Check-out: 12:00 PM",-8.14353,114.5524,Accommodation,https://maps.app.goo.gl/CfwVYSCzKn7Mfq7W6
103,The Nusantara Villa," Medewi, Pekutatan, Jembrana Regency, Bali, Indonesia", West Bali,800000, 4.4," Check-in: 2:00 PM, Check-out: 12:00 PM",-8.61842,115.118,Accommodation,https://maps.app.goo.gl/pWyBrWqKsvhM7p9S8
104,Amertha Bali Villas," Pemuteran, Gerokgak, Buleleng Regency, Bali, Indonesia", West Bali,1500000, 4.5," Check-in: 2:00 PM, Check-out: 12:00 PM",-8.14494,114.6568,Accommodation,https://maps.app.goo.gl/aTfEib6SmdDjn72j8
105,Taman Sari Bali Resort & Spa," Pemuteran, Gerokgak, Buleleng Regency, Bali, Indonesia", West Bali,1200000, 4.5," Check-in: 2:00 PM, Check-out: 12:00 PM",-8.14174,114.6526,Accommodation,https://maps.app.goo.gl/hMswxcxtcdi7pHqx7
106,Plataran Menjangan Resort & Spa," Pejarakan, Gerokgak, Buleleng Regency, Bali, Indonesia", West Bali,2000000, 4.6," Check-in: 2:00 PM, Check-out: 12:00 PM",-8.13264,114.5528,Accommodation,https://maps.app.goo.gl/J2ncUVxkGTS3zGZ6A
107,Ganesha Bali Coral Reef Villas," Sumberkima, Gerokgak, Buleleng Regency, Bali, Indonesia", West Bali,1500000, 4.5," Check-in: 2:00 PM, Check-out: 12:00 PM",-8.18425,114.9078,Accommodation,https://maps.app.goo.gl/EUqSEx1XfQNkXwXg6
108,Mami In Homestay," Banyuwedang, Gerokgak, Buleleng Regency, Bali, Indonesia", West Bali,300000, 4.4," Check-in: 2:00 PM, Check-out: 12:00 PM",-8.14452,114.6215,Accommodation,https://maps.app.goo.gl/UqvU1Y3iNDQS3upg8
109,Matahari Beach Resort & Spa," Pemuteran, Gerokgak, Buleleng Regency, Bali, Indonesia", West Bali,2500000, 4.7," Check-in: 2:00 PM, Check-out: 12:00 PM",-8.14721,114.6652,Accommodation,https://maps.app.goo.gl/e3MeYgUSW8ftoH6DA
110,Tirta Sari Bungalow," Pemuteran, Gerokgak, Buleleng Regency, Bali, Indonesia", West Bali,600000, 4.4," Check-in: 2:00 PM, Check-out: 12:00 PM",-8.14492,114.6558,Accommodation,https://maps.app.goo.gl/M1URogQTHjnTcJLp8
111,Bibi Homestay," Medewi, Pekutatan, Jembrana Regency, Bali, Indonesia", West Bali,200000, 4.4," Check-in: 2:00 PM, Check-out: 12:00 PM",-8.67614,115.166,Accommodation,NA
112,Kelapa Cottage," Pemuteran, Gerokgak, Buleleng Regency, Bali, Indonesia", West Bali,700000, 4.5," Check-in: 2:00 PM, Check-out: 12:00 PM",-8.34076,115.6416,Accommodation,https://maps.app.goo.gl/EwywNWmCUq68QtDa8
113,Mimpi Resort Menjangan," Pemuteran, Gerokgak, Buleleng Regency, Bali, Indonesia", West Bali,1800000, 4.5," Check-in: 2:00 PM, Check-out: 12:00 PM",-8.13877,114.5718,Accommodation,https://maps.app.goo.gl/s9PtkS592edmoU7P6
114,Menjangan Dynasty Resort," Banyuwedang, Gerokgak, Buleleng Regency, Bali, Indonesia", West Bali,2000000, 4.6," Check-in: 2:00 PM, Check-out: 12:00 PM",-8.13492,114.5621,Accommodation,https://maps.app.goo.gl/R4zjSZWsJ6atkRVu7
115,Mekar Sari Homestay," Medewi, Pekutatan, Jembrana Regency, Bali, Indonesia", West Bali,250000, 4.4," Check-in: 2:00 PM, Check-out: 12:00 PM",-8.28408,115.1591,Accommodation,https://maps.app.goo.gl/TckSTd3C1o8CXWsW9
116,Ganesha Bali Dive Resort," Pemuteran, Gerokgak, Buleleng Regency, Bali, Indonesia", West Bali,1500000, 4.5," Check-in: 2:00 PM, Check-out: 12:00 PM",-8.18394,114.9078,Accommodation,NA
117,Mami In Homestay," Banyuwedang, Gerokgak, Buleleng Regency, Bali, Indonesia", West Bali,300000, 4.4," Check-in: 2:00 PM, Check-out: 12:00 PM",-8.14452,114.6215,Accommodation,Double B109
118,Puri Ganesha Homes," Sumberkima, Gerokgak, Buleleng Regency, Bali, Indonesia", West Bali,1800000, 4.6," Check-in: 2:00 PM, Check-out: 12:00 PM",-8.14062,114.6528,Accommodation,https://maps.app.goo.gl/aC5oKAUzzL431C4j7
119,Naya Gawana Resort & Spa," Banyuwedang, Gerokgak, Buleleng Regency, Bali, Indonesia", West Bali,2000000, 4.5," Check-in: 2:00 PM, Check-out: 12:00 PM",-8.13666,114.5685,Accommodation,https://maps.app.goo.gl/kdwUUoGTRDAP7weS7
120,Puri Dajuma Beach Eco-Resort & Spa," Pekutatan, Jembrana Regency, Bali, Indonesia", West Bali,2000000, 4.6," Check-in: 2:00 PM, Check-out: 12:00 PM",-8.43005,114.8182,Accommodation,https://maps.app.goo.gl/18UdRxkCt5bEoo2G7
121,Mami In Homestay," Banyuwedang, Gerokgak, Buleleng Regency, Bali, Indonesia", West Bali,300000, 4.4," Check-in: 2:00 PM, Check-out: 12:00 PM",-8.14452,114.6215,Accommodation,Double B109
122,Tirta Sari Bungalow," Pemuteran, Gerokgak, Buleleng Regency, Bali, Indonesia", West Bali,600000, 4.4," Check-in: 2:00 PM, Check-out: 12:00 PM",-8.14494,114.6558,Accommodation,Double B111
123,Pondok Naya," Pemuteran, Gerokgak, Buleleng Regency, Bali, Indonesia", West Bali,700000, 4.5," Check-in: 2:00 PM, Check-out: 12:00 PM",-8.51013,115.2529,Accommodation,https://maps.app.goo.gl/yTRCmqhG4VUjV88GA
124,Gino Feruci Villa Lovina," Kalibukbuk, Lovina, Buleleng Regency, Bali, Indonesia", West Bali,1200000, 4.5," Check-in: 2:00 PM, Check-out: 12:00 PM",-8.15093,115.0358,Accommodation,https://maps.app.goo.gl/H4QkcDTgMRJCuB4w7
125,NusaBay Menjangan by WHM," Pejarakan, Gerokgak, Buleleng Regency, Bali, Indonesia", West Bali,1500000, 4.5," Check-in: 2:00 PM, Check-out: 12:00 PM",-8.12106,114.5133,Accommodation,https://maps.app.goo.gl/K6TBMBjw37Z1ZzUNA
126,The Lovina," Lovina Beach, Lovina, Buleleng Regency, Bali, Indonesia", North Bali,1500000, 4.6," Check-in: 2:00 PM, Check-out: 12:00 PM",-8.15275,115.0301,Accommodation,https://maps.app.goo.gl/jgK1fe2swrPqNQcXA
127,Damai Lovina Villas," Lovina Beach, Lovina, Buleleng Regency, Bali, Indonesia", North Bali,1800000, 4.5," Check-in: 2:00 PM, Check-out: 12:00 PM",-8.18112,115.0441,Accommodation,https://maps.app.goo.gl/XhZSBxoftTnD7Kxe6
128,Puri Bagus Lovina," Lovina Beach, Lovina, Buleleng Regency, Bali, Indonesia", North Bali,2000000, 4.5," Check-in: 2:00 PM, Check-out: 12:00 PM",-8.12801,115.061,Accommodation,https://maps.app.goo.gl/tCGrQdBXEXB4GmkV9
129,The Hamsa Resort," Kalibukbuk, Lovina, Buleleng Regency, Bali, Indonesia", North Bali,1200000, 4.5," Check-in: 2:00 PM, Check-out: 12:00 PM",-8.19183,115.0016,Accommodation,https://maps.app.goo.gl/nyD1p1DP1N8j4MES6
130,The Damai," Kayuputih, Lovina, Buleleng Regency, Bali, Indonesia", North Bali,2500000, 4.7," Check-in: 2:00 PM, Check-out: 12:00 PM",-8.18112,115.0441,Accommodation,https://maps.app.goo.gl/oFsR3EcnYLgfCC6m7
131,Frangipani Beach Villa," Lovina Beach, Lovina, Buleleng Regency, Bali, Indonesia", North Bali,1600000, 4.5," Check-in: 2:00 PM, Check-out: 12:00 PM",-8.15442,115.0285,Accommodation,https://maps.app.goo.gl/dxDmsYohyW3mkuu29
132,Gino Feruci Villa Lovina," Kalibukbuk, Lovina, Buleleng Regency, Bali, Indonesia", North Bali,1200000, 4.5," Check-in: 2:00 PM, Check-out: 12:00 PM",-8.15093,115.0358,Accommodation,https://maps.app.goo.gl/FAKhomWRumUs3Leu6
133,Pandawa Village," Kayuputih, Lovina, Buleleng Regency, Bali, Indonesia", North Bali,1000000, 4.5," Check-in: 2:00 PM, Check-out: 12:00 PM",-8.1658,115.0261,Accommodation,https://maps.app.goo.gl/6tfxAp8SyCQUTZJHA
134,Lilin Lovina Beach Hotel," Lovina Beach, Lovina, Buleleng Regency, Bali, Indonesia", North Bali,1400000, 4.6," Check-in: 2:00 PM, Check-out: 12:00 PM",-8.16542,115.0144,Accommodation,https://maps.app.goo.gl/Fy58dJsbX5THhEmg7
135,Bali Lovina Beach Cottages," Lovina Beach, Lovina, Buleleng Regency, Bali, Indonesia", North Bali,1200000, 4.5," Check-in: 2:00 PM, Check-out: 12:00 PM",-8.16266,115.0238,Accommodation,https://maps.app.goo.gl/yNh4DweBV4W9BqYf8
136,Munduk Moding PlantationNature Resort & Spa," Gobleg, Buleleng Regency, Bali, Indonesia", North Bali,2500000, 4.7," Check-in: 2:00 PM, Check-out: 12:00 PM",-8.23915,115.0719,Accommodation,https://maps.app.goo.gl/EhMN18ncaiYPPJsHA
137,Lovina Eco Lodge," Temukus, Lovina, Buleleng Regency, Bali, Indonesia", North Bali,800000, 4.4," Check-in: 2:00 PM, Check-out: 12:00 PM",-8.18147,115.0006,Accommodation,https://maps.app.goo.gl/HNjKFd8QBbqpQm379
138,Ganesha Bali Coral Reef Villas," Sumberkima, Gerokgak, Buleleng Regency, Bali, Indonesia", North Bali,1500000, 4.5," Check-in: 2:00 PM, Check-out: 12:00 PM",-8.18425,114.9078,Accommodation,https://maps.app.goo.gl/EUqSEx1XfQNkXwXg6
139,The Kampung Resort Ubud," Kayuputih, Lovina, Buleleng Regency, Bali, Indonesia", North Bali,1200000, 4.5," Check-in: 2:00 PM, Check-out: 12:00 PM",-8.51449,115.2381,Accommodation,https://maps.app.goo.gl/rBynwUAffSN78rci7
140,My Lovina Villas," Lovina Beach, Lovina, Buleleng Regency, Bali, Indonesia", North Bali,1200000, 4.5," Check-in: 2:00 PM, Check-out: 12:00 PM",-8.18281,114.9736,Accommodation,https://maps.app.goo.gl/yTP53N7gCiJmur3s8
141,The Khana Sambangan," Sambangan, Sukasada, Buleleng Regency, Bali, Indonesia", North Bali,800000, 4.4," Check-in: 2:00 PM, Check-out: 12:00 PM",-8.1805,115.1052,Accommodation,https://maps.app.goo.gl/sC7kJm84KUKgGz4p6
142,Waka Shorea," Pemuteran, Gerokgak, Buleleng Regency, Bali, Indonesia", North Bali,2500000, 4.6," Check-in: 2:00 PM, Check-out: 12:00 PM",-8.093979032,114.5119893,Accommodation,NA
143,Puri Mangga Sea View Resort & Spa," Temukus, Lovina, Buleleng Regency, Bali, Indonesia", North Bali,1000000, 4.5," Check-in: 2:00 PM, Check-out: 12:00 PM",-8.17962,115.0463,Accommodation,https://maps.app.goo.gl/xegSC4KTwhr5uebq6
144,Puri Lumbung Cottages," Munduk, Buleleng Regency, Bali, Indonesia", North Bali,1500000, 4.5," Check-in: 2:00 PM, Check-out: 12:00 PM",-8.2638,115.0593,Accommodation,https://maps.app.goo.gl/uzmfCkSF6Wb1AfeN7
145,Kelapa Lovina Beach Villa," Lovina Beach, Lovina, Buleleng Regency, Bali, Indonesia", North Bali,1600000, 4.5," Check-in: 2:00 PM, Check-out: 12:00 PM",-8.13944,115.0707,Accommodation,https://maps.app.goo.gl/7r12i6fMSMWAFyw6A
146,Matahari Beach Resort & Spa," Pemuteran, Gerokgak, Buleleng Regency, Bali, Indonesia", North Bali,2500000, 4.7," Check-in: 2:00 PM, Check-out: 12:00 PM",-8.14721,114.6652,Accommodation,https://maps.app.goo.gl/e3MeYgUSW8ftoH6DA
147,Sanak Retreat Bali," Munduk, Buleleng Regency, Bali, Indonesia", North Bali,1800000, 4.6," Check-in: 2:00 PM, Check-out: 12:00 PM",-8.25303,115.0294,Accommodation,https://maps.app.goo.gl/tzyNg33EEfyc8rJq8
148,The Khana Bungalow," Lovina Beach, Lovina, Buleleng Regency, Bali, Indonesia", North Bali,1000000, 4.4," Check-in: 2:00 PM, Check-out: 12:00 PM",-8.1805,115.1052,Accommodation,NA
149,Munduk Moding PlantationNature Resort & Spa," Gobleg, Buleleng Regency, Bali, Indonesia", North Bali,2500000, 4.7," Check-in: 2:00 PM, Check-out: 12:00 PM",-8.2391,115.0718,Accommodation,Double B137
150,Bali Taman Lovina Resort & Spa," Lovina Beach, Lovina, Buleleng Regency, Bali, Indonesia", North Bali,1200000, 4.5," Check-in: 2:00 PM, Check-out: 12:00 PM",-8.14286,115.0511,Accommodation,https://maps.app.goo.gl/xdmHZNs4ZA61dGoF9
151,Ayana Resort and Spa," Jl. Karang Mas Sejahtera, Jimbaran, Badung Regency, Bali, Indonesia", South Bali,4000000, 4.7," Check-in: 2:00 PM, Check-out: 12:00 PM",-8.78579,115.1392,Accommodation,https://maps.app.goo.gl/VFwuNS1tm5uiGfAPA
152,Four Seasons Resort Bali at Jimbaran Bay," Jimbaran, South Kuta, Badung Regency, Bali, Indonesia", South Bali,8000000, 4.8," Check-in: 2:00 PM, Check-out: 12:00 PM",-8.78408,115.1589,Accommodation,https://maps.app.goo.gl/mj4RSvabLNWwD1tU7
153,Bulgari Resort Bali," Jl. Goa Lempeh, Banjar Dinas Kangin, Uluwatu, Bali, Indonesia", South Bali,9000000, 4.8," Check-in: 2:00 PM, Check-out: 12:00 PM",-8.84423,115.1204,Accommodation,https://maps.app.goo.gl/C9sdgnmyPHxaxHCAA
154,Alila Villas Uluwatu," Jl. Belimbing Sari, Pecatu, Bali, Indonesia", South Bali,5000000, 4.7," Check-in: 2:00 PM, Check-out: 12:00 PM",-8.81722,115.0926,Accommodation,https://maps.app.goo.gl/mdxDvGyCpVCDeAMVA
155,"The Ritz-Carlton, Bali"," Jl. Raya Nusa Dua Selatan, Nusa Dua, Badung Regency, Bali, Indonesia", South Bali,5000000, 4.7," Check-in: 2:00 PM, Check-out: 12:00 PM",-8.83068,115.2155,Accommodation,https://maps.app.goo.gl/oJMUCFoUi1dgRED68
156,AYANA Residences Luxury Apartment," Jl. Karang Mas Sejahtera, Jimbaran, Badung Regency, Bali, Indonesia", South Bali,2000000, 4.6," Check-in: 2:00 PM, Check-out: 12:00 PM",-8.78649,115.1421,Accommodation,https://maps.app.goo.gl/q9vdyuXBMUM7T38D7
157,Suarga Padang Padang," Jl. Pantai Labuan Sait No.10, Pecatu, Bali, Indonesia", South Bali,3000000, 4.7," Check-in: 2:00 PM, Check-out: 12:00 PM",-8.81105,115.1047,Accommodation,https://maps.app.goo.gl/Y9JVrai6ttKqnXXB8
158,The Edge Bali," Jl. Pura Goa Lempeh, Banjar Dinas Kangin, Uluwatu, Bali, Indonesia", South Bali,5000000, 4.8," Check-in: 2:00 PM, Check-out: 12:00 PM",-8.84507,115.1251,Accommodation,https://maps.app.goo.gl/fs19zC2rRVgkLGVW7
159,Kupu Kupu Jimbaran Beach Club & Spa by L'Occitane," Jl. Raya Uluwatu, Banjar Pesalakan, Jimbaran, Bali, Indonesia", South Bali,2500000, 4.6," Check-in: 2:00 PM, Check-out: 12:00 PM",-8.78306,115.1665,Accommodation,https://maps.app.goo.gl/2BNnjau7R789LYiW7
160,Renaissance Bali Uluwatu Resort & Spa," Jl. Pantai Balangan I, Ungasan, Bali, Indonesia", South Bali,2500000, 4.7," Check-in: 2:00 PM, Check-out: 12:00 PM",-8.81298,115.1449,Accommodation,https://maps.app.goo.gl/BMHPfxRtWreZXNrS8
161,Ulu Segara Luxury Suites & Villas," Jl. Raya Uluwatu, Pecatu, Bali, Indonesia", South Bali,2000000, 4.6," Check-in: 2:00 PM, Check-out: 12:00 PM",-8.83437,115.2103,Accommodation,https://maps.app.goo.gl/PvA8j6sNtKPLtbb1A
162,Blue Point Bay Villas & Spa Hotel," Jl. Labuan Sait, Pecatu, Bali, Indonesia", South Bali,1500000, 4.3," Check-in: 2:00 PM, Check-out: 12:00 PM",-8.81443,115.0895,Accommodation,https://maps.app.goo.gl/S9CR1ULHVRB4WpGL6
163,Mulia Resort Nusa Dua," Jl. Raya Nusa Dua Selatan, Nusa Dua, Badung Regency, Bali, Indonesia", South Bali,5000000, 4.8," Check-in: 2:00 PM, Check-out: 12:00 PM",-8.81607,115.2212,Accommodation,https://maps.app.goo.gl/HnxUnkLS82S672y16
164,Rimba Jimbaran Bali by AYANA," Jl. Karang Mas Sejahtera, Jimbaran, Badung Regency, Bali, Indonesia", South Bali,2500000, 4.7," Check-in: 2:00 PM, Check-out: 12:00 PM",-8.79339,115.1395,Accommodation,https://maps.app.goo.gl/u2Qft8GS76BqgzN58
165,Grand Nikko Bali," Jl. Nusa Dua, Nusa Dua, Badung Regency, Bali, Indonesia", South Bali,2500000, 4.6," Check-in: 2:00 PM, Check-out: 12:00 PM",-8.77183,115.2227,Accommodation,https://maps.app.goo.gl/2PdVk5pw76TAsynz6
166,Suarga Padang Padang," Jl. Pantai Labuan Sait No.10, Pecatu, Bali, Indonesia", South Bali,3000000, 4.7," Check-in: 2:00 PM, Check-out: 12:00 PM",-8.81105,115.1047,Accommodation,https://maps.app.goo.gl/Y9JVrai6ttKqnXXB8
167,Anantara Uluwatu Bali Resort," Jl. Pemutih, Labuan Sait, Uluwatu, Bali, Indonesia", South Bali,3500000, 4.7," Check-in: 2:00 PM, Check-out: 12:00 PM",-8.80888,115.1086,Accommodation,https://maps.app.goo.gl/TwbWP86fACJbRfBN9
168,Le Grande Bali," Jl. Uluwatu Raya, Uluwatu, Bali, Indonesia", South Bali,1500000, 4.4," Check-in: 2:00 PM, Check-out: 12:00 PM",-8.80687,115.1312,Accommodation,https://maps.app.goo.gl/DjQMYzM8DqCkzkuv7
169,Kamuela Villas and Suites Sanur," Jl. Cemara No. 33, Sanur, Bali, Indonesia", South Bali,1500000, 4.5," Check-in: 2:00 PM, Check-out: 12:00 PM",-8.70767,115.2583,Accommodation,https://maps.app.goo.gl/6yzMY5LA1pRnDXxq8
170,InterContinental Bali Resort," Jl. Uluwatu No.45, Jimbaran, Badung Regency, Bali, Indonesia", South Bali,3000000, 4.6," Check-in: 2:00 PM, Check-out: 12:00 PM",-8.77853,115.1672,Accommodation,https://maps.app.goo.gl/FR6wtHAhYG97oR3dA
171,Kuta Paradiso Hotel," Jl. Kartika Plaza, Kuta, Badung Regency, Bali, Indonesia", South Bali,1500000, 4.4," Check-in: 2:00 PM, Check-out: 12:00 PM",-8.72572,115.1706,Accommodation,https://maps.app.goo.gl/qPGFsmnh9Rs6WWqR9
172,Discovery Kartika Plaza Hotel," Jl. Kartika Plaza, Kuta, Badung Regency, Bali, Indonesia", South Bali,2000000, 4.5," Check-in: 2:00 PM, Check-out: 12:00 PM",-8.73029,115.166,Accommodation,https://maps.app.goo.gl/JSS6QCGmaT3Dk2EP9
173,The St. Regis Bali Resort," Kawasan Pariwisata, Nusa Dua, Badung Regency, Bali, Indonesia", South Bali,5000000, 4.8," Check-in: 2:00 PM, Check-out: 12:00 PM",-8.8129,115.2276,Accommodation,https://maps.app.goo.gl/eLbtjFSEb5pSgVQT8
174,The Westin Resort Nusa Dua," Kawasan Pariwisata, Nusa Dua, Badung Regency, Bali, Indonesia", South Bali,2500000, 4.6," Check-in: 2:00 PM, Check-out: 12:00 PM",-8.79578,115.2303,Accommodation,https://maps.app.goo.gl/PpL18PxHyvEdhyrz9
175,Courtyard by Marriott Bali Nusa Dua Resort," Kawasan Pariwisata, Nusa Dua, Badung Regency, Bali, Indonesia", South Bali,1500000, 4.5," Check-in: 2:00 PM, Check-out: 12:00 PM",-8.80679,115.2261,Accommodation,https://maps.app.goo.gl/3a79Pjeuy7tDc4cm6
176,Amankila," Manggis, Karangasem Regency, Bali, Indonesia",East Bali,8000000, 4.8," Check-in: 2:00 PM, Check-out: 12:00 PM",-8.50076,115.5275,Accommodation,https://maps.app.goo.gl/22YUt1Nyqh9FzGdV9
177,Alila Manggis," Buitan, Manggis, Karangasem Regency, Bali, Indonesia",East Bali,2500000, 4.6," Check-in: 2:00 PM, Check-out: 12:00 PM",-8.4999,115.5377,Accommodation,https://maps.app.goo.gl/B8ccKjDevq3p4nqd9
178,Ujung Resort," Tumbu, Karangasem Regency, Bali, Indonesia",East Bali,2000000, 4.5," Check-in: 2:00 PM, Check-out: 12:00 PM",-8.46023,115.629,Accommodation,https://maps.app.goo.gl/hhvZ71rjSPmidSs3A
179,Candi Beach Resort & Spa," Mendira Beach, Sengkidu, Manggis, Karangasem Regency, Bali, Indonesia",East Bali,1500000, 4.5," Check-in: 2:00 PM, Check-out: 12:00 PM",-8.50347,115.5524,Accommodation,https://maps.app.goo.gl/KDszC3Jt3tSRwtH39
180,Lotus Bungalows," Jl. Raya Candidasa, Sengkidu, Manggis, Karangasem Regency, Bali, Indonesia",East Bali,1000000, 4.5," Check-in: 2:00 PM, Check-out: 12:00 PM",-8.39401,115.1904,Accommodation,https://maps.app.goo.gl/gyZPJWyu9gbrJMNm7
181,The Watergarden Hotel & Spa," Jl. Raya Candidasa, Sengkidu, Manggis, Karangasem Regency, Bali, Indonesia",East Bali,1200000, 4.4," Check-in: 2:00 PM, Check-out: 12:00 PM",-8.50819,115.5671,Accommodation,https://maps.app.goo.gl/Ph4be3Zd9Qg63Lge6
182,Bali Palms Resort," Jl. Candi Dasa, Sengkidu, Manggis, Karangasem Regency, Bali, Indonesia",East Bali,900000, 4.3," Check-in: 2:00 PM, Check-out: 12:00 PM",-8.50665,115.5628,Accommodation,https://maps.app.goo.gl/9DZDjzwNxWqRiBiWA
183,"Le 48, Zen & Happy Rezort"," Bugbug, Karangasem Regency, Bali, Indonesia",East Bali,500000, 4.2," Check-in: 2:00 PM, Check-out: 12:00 PM",-8.71374,115.1811,Accommodation,https://maps.app.goo.gl/hGeYT287sMqn5ioZA
184,Beji Bay Resort," Buitan, Manggis, Karangasem Regency, Bali, Indonesia",East Bali,800000, 4.3," Check-in: 2:00 PM, Check-out: 12:00 PM",-8.52991,115.5119,Accommodation,https://maps.app.goo.gl/xNRhoMFYqB1wQvvU8
185,Palm Garden Amed Beach & Spa Resort," Bunutan, Abang, Karangasem Regency, Bali, Indonesia",East Bali,1000000, 4.5," Check-in: 2:00 PM, Check-out: 12:00 PM",-8.3558,115.6904,Accommodation,https://maps.app.goo.gl/F9KN7sgd5DqwEKSN6
186,Apa Kabar Villas," Bunutan, Abang, Karangasem Regency, Bali, Indonesia",East Bali,700000, 4.4," Check-in: 2:00 PM, Check-out: 12:00 PM",-8.34287,115.669,Accommodation,https://maps.app.goo.gl/wBDVhHPXNf5erCSq6
187,Bali Sunrise Villas & Restaurant," Jl. Raya Ujung, Seraya Bar., Karangasem Regency, Bali, Indonesia",East Bali,600000, 4.4," Check-in: 2:00 PM, Check-out: 12:00 PM",-8.24667,115.3994,Accommodation,https://maps.app.goo.gl/aqAeiWsegDcLQSe99
188,Villa Idanna," Bunutan, Abang, Karangasem Regency, Bali, Indonesia",East Bali,800000, 4.5," Check-in: 2:00 PM, Check-out: 12:00 PM",-8.4655,115.4351,Accommodation,https://maps.app.goo.gl/ht5xUAgqw3m5PATSA
189,Sama's Cottages and Villas," Buitan, Manggis, Karangasem Regency, Bali, Indonesia",East Bali,600000, 4.3," Check-in: 2:00 PM, Check-out: 12:00 PM",-8.50695,115.2593,Accommodation,https://maps.app.goo.gl/ivoYM9uskgvjr2359
190,Celuk Agung Hotel," Jl. Raya Amlapura, Purwakerti, Karangasem Regency, Bali, Indonesia",East Bali,500000, 4.2," Check-in: 2:00 PM, Check-out: 12:00 PM",-8.14816,115.0443,Accommodation,https://maps.app.goo.gl/Qj5RLQ56gfcNi5mR8
191,Pazzo Bali," Jl. Puri Bagus, Jasri, Karangasem Regency, Bali, Indonesia",East Bali,600000, 4.3," Check-in: 2:00 PM, Check-out: 12:00 PM",-8.34554,115.6722,Accommodation,https://maps.app.goo.gl/yTQQxz8bu4VDmCrw8
192,Bali Palms Resort," Jl. Raya Candidasa, Sengkidu, Manggis, Karangasem Regency, Bali, Indonesia",East Bali,900000, 4.3," Check-in: 2:00 PM, Check-out: 12:00 PM",-8.50667,115.5626,Accommodation,https://maps.app.goo.gl/9DZDjzwNxWqRiBiWA
193,Santai Hotel," Jl. Raya Candi Dasa, Sengkidu, Manggis, Karangasem Regency, Bali, Indonesia",East Bali,700000, 4.4," Check-in: 2:00 PM, Check-out: 12:00 PM",-8.238141317,115.6697743,Accommodation,https://maps.app.goo.gl/ogeWmoxnJ2aAYwri6
194,Pondok Bambu Homestay," Buitan, Manggis, Karangasem Regency, Bali, Indonesia",East Bali,400000, 4.3," Check-in: 2:00 PM, Check-out: 12:00 PM",-8.50043,115.2649,Accommodation,https://maps.app.goo.gl/3oZPYYav9zF3fPiP8
195,Anom Beach Inn Bungalows," Jl. Raya Candidasa, Sengkidu, Manggis, Karangasem Regency, Bali, Indonesia",East Bali,500000, 4.3," Check-in: 2:00 PM, Check-out: 12:00 PM",-8.40854,115.1889,Accommodation,https://maps.app.goo.gl/fB9aWnoJ3y2ZTtn97
196,Dasa Vayu Cottage," Buitan, Manggis, Karangasem Regency, Bali, Indonesia",East Bali,500000, 4.4," Check-in: 2:00 PM, Check-out: 12:00 PM",-8.36406,115.1214,Accommodation,https://maps.app.goo.gl/D1XnbeJpHj8ijwVM6
197,Villa Salema," Buitan, Manggis, Karangasem Regency, Bali, Indonesia",East Bali,700000, 4.4," Check-in: 2:00 PM, Check-out: 12:00 PM",-8.48395,115.6167,Accommodation,https://maps.app.goo.gl/NpY7ZipFxE4YNe9u8
198,Mimpi Tulamben Dive Resort," Jl. Kubu, Tulamben, Kubu, Karangasem Regency, Bali, Indonesia",East Bali,800000, 4.5," Check-in: 2:00 PM, Check-out: 12:00 PM",-8.27825,115.594,Accommodation,https://maps.app.goo.gl/Wgtv59j3bC4AiJ1v5
199,Double One Villas Amed II," Jl. Raya Amed, Amed, Karangasem Regency, Bali, Indonesia",East Bali,600000, 4.3," Check-in: 2:00 PM, Check-out: 12:00 PM",-8.35087,115.6823,Accommodation,https://maps.app.goo.gl/mDB3YvgieRH7Mtdg9
200,Villa Infinite Horizon," Buitan, Manggis, Karangasem Regency, Bali, Indonesia",East Bali,900000, 4.5," Check-in: 2:00 PM, Check-out: 12:00 PM",-8.35848,115.6975,Accommodation,https://maps.app.goo.gl/nyjVSaYYpXDvwTCj6
201,Lovina Beach," Anturan, Buleleng, Buleleng Regency, Bali, Indonesia", North Bali,0, 4.4, Open 24 hours,-8.1593111,115.0256334,Nautical,https://maps.app.goo.gl/xo4jBH9ByWC7UvFg7
202,Gitgit Waterfall," Gitgit, Sukasada, Buleleng Regency, Bali, Indonesia", North Bali,20000, 4.5, Open 24 hours,-8.1935621,115.1350753,Nature,https://maps.app.goo.gl/4PYNc2LESgEq3XVk7
203,Banjar Hot Springs," Banjar, Buleleng Regency, Bali, Indonesia", North Bali,10000, 4.3, 8:00 AM – 6:00 PM,-8.21046175,114.9671623,Nature,https://maps.app.goo.gl/ioBoaUaWsaqvZsT37
204,Brahma Vihara Arama (Buddhist Monastery)," Dencarik, Buleleng Regency, Bali, Indonesia", North Bali,0, 4.6, 8:00 AM – 6:00 PM,-8.21041317,114.9740049,History,https://maps.app.goo.gl/xo15mA2qHRAoZaHX8
205,Pulaki Temple," Banyupoh, Gerokgak, Buleleng Regency, Bali, Indonesia", North Bali,0, 4.4, Open 24 hours,-8.14536056,114.6803484,Nautical,https://maps.app.goo.gl/JL4ghynSGkT5jMs28
206,Sekumpul Waterfall," Sekumpul, Sawan, Buleleng Regency, Bali, Indonesia", North Bali,20000, 4.6, 8:00 AM – 6:00 PM,-8.1782107,115.182752,Nature,https://maps.app.goo.gl/q2eM1Bvvq7gVCm67A
207,Menjangan Island," Buleleng Regency, Bali, Indonesia", North Bali,200000, 4.7, Open 24 hours,-8.09601895,114.5177964,Nautical,https://maps.app.goo.gl/aYobNKU67iGyBALV7
208,West Bali National Park," Buleleng Regency, Bali, Indonesia", North Bali,200000, 4.5, 7:00 AM – 6:00 PM,-8.16723015,114.4626955,Nature,https://maps.app.goo.gl/WS9ig2nQGWnWgma97
209,Buyan and Tamblingan Lakes," Sukasada, Buleleng Regency, Bali, Indonesia", North Bali,0, 4.4, Open 24 hours,-8.247033,115.0994549,Nature,https://maps.app.goo.gl/8vH71A335gLqhr5m6
210,Pura Ulun Danu Bratan," Candikuning, Baturiti, Tabanan Regency, Bali, Indonesia", North Bali,50000, 4.6, 7:00 AM – 5:00 PM,-8.27492588,115.1668127,History,https://maps.app.goo.gl/XDvuwm54qEt3sTq17
211,Aling-Aling Waterfall," Sambangan, Sukasada, Buleleng Regency, Bali, Indonesia", North Bali,20000, 4.5, 7:00 AM – 6:00 PM,-8.1767917,115.1062843,Nature,https://maps.app.goo.gl/nJMpSvaMs4Wo9Vr37
212,Krisna Funtastic Land," Singaraja, Buleleng Regency, Bali, Indonesia", North Bali,50000, 4.4, 9:00 AM – 7:00 PM,-8.17836514,114.9942224,Entertainment,https://maps.app.goo.gl/ne9XGhod7qhmSHr96
213,Bali Handara Gate," Pancasari, Sukasada, Buleleng Regency, Bali, Indonesia", North Bali,0, 4.4, Open 24 hours,-8.2529779,115.1583736,Nature,https://maps.app.goo.gl/FMUBzsVYJxsW9aSK7
214,Air Panas Banjar," Banjar, Buleleng Regency, Bali, Indonesia", North Bali,10000, 4.3, 8:00 AM – 6:00 PM,-8.21036609,114.9670101,Nature,https://maps.app.goo.gl/ioBoaUaWsaqvZsT37
215,Pura Beji Sangsit," Sangsit, Buleleng Regency, Bali, Indonesia", North Bali,0, 4.5, 8:00 AM – 5:00 PM,-8.08358264,115.1342417,History,https://maps.app.goo.gl/Z9ghF5kepFuc5WEn7
216,Pantai Labuhan Lalang," Anturan, Buleleng, Buleleng Regency, Bali, Indonesia", North Bali,0, 4.4, Open 24 hours,-8.00781166,114.4278431,Nautical,https://maps.app.goo.gl/Zzv248XqcvpWWatR6
217,Krisna Water Sports," Lovina Beach, Buleleng Regency, Bali, Indonesia", North Bali,50000, 4.4, 9:00 AM – 5:00 PM,-8.18047747,114.9866468,Entertainment,https://maps.app.goo.gl/YEoiurLS8QHtS55A7
218,Tamblingan Jungle Swing," Munduk, Banjar, Buleleng Regency, Bali, Indonesia", North Bali,200000, 4.5, 8:00 AM – 6:00 PM,-8.26309387,115.0914464,Entertainment,https://maps.app.goo.gl/H1ysbBVmYDPpFDmV8
219,Buleleng Harbour," Buleleng Regency, Bali, Indonesia", North Bali,0, 4.3, Open 24 hours,-8.07959732,115.0887737,Nautical,https://maps.app.goo.gl/JSDZedroZDvHaGrP8
220,Pura Ponjok Batu," Gekdadi, Buleleng Regency, Bali, Indonesia", North Bali,0, 4.4, Open 24 hours,-8.3991775,115.6236406,History,https://maps.app.goo.gl/4u86re1bHkwwHewj9
221,Melka Excelsior Dolphin & Wildlife Resort," Kalibukbuk, Buleleng Regency, Bali, Indonesia", North Bali,100000, 4.2, 8:00 AM – 6:00 PM,-8.1464049,115.0433554,Entertainment,https://maps.app.goo.gl/Nmb6zV2EFQ7Cke8N6
222,Pantai Celuk Agung," Banjar, Buleleng Regency, Bali, Indonesia", North Bali,0, 4.4, Open 24 hours,-8.14599658,115.0436746,Nautical,https://maps.app.goo.gl/MKNwcZgAGwEcNiW19
223,Krisna Oleh-Oleh," Singaraja, Buleleng Regency, Bali, Indonesia", North Bali,0, 4.3, 8:00 AM – 9:00 PM,-8.7298532,115.1795782,Shopping,https://maps.app.goo.gl/g9t6iJSfPXcVYSLp9
224,Pura Dalem Desa Adat Jagaraga," Jagaraga, Buleleng Regency, Bali, Indonesia", North Bali,0, 4.5, Open 24 hours,-8.5094868,115.2331823,History,https://maps.app.goo.gl/xx7ayXQtTpeYN6bv8
225,Pantai Jemeluk," Amed, Abang, Karangasem Regency, Bali, Indonesia", North Bali,0, 4.3, Open 24 hours,-8.336371,115.6582226,Nautical,https://maps.app.goo.gl/pE1rs8NPw1aSepr87
226,Tanah Lot," Beraban, Kediri, Tabanan Regency, Bali, Indonesia", South Bali,60000, 4.5, Open 24 hours,-8.62122865,115.0868849,Nautical,https://maps.app.goo.gl/WURHHA4Em4o75Ptp9
227,Uluwatu Temple," Pecatu, South Kuta, Badung Regency, Bali, Indonesia", South Bali,30000, 4.6, 9:00 AM – 6:00 PM,-8.82924075,115.084287,History,https://maps.app.goo.gl/JH11VaD7QbZrUnXs7
228,Garuda Wisnu Kencana (GWK)," Ungasan, South Kuta, Badung Regency, Bali, Indonesia", South Bali,125000, 4.5, 8:00 AM – 10:00 PM,-8.8089465,115.1646613,Entertainment,https://maps.app.goo.gl/cqy49vZF1uWPbw4n9
229,Pura Luhur Batukaru," Wongaya Gede, Penebel, Tabanan Regency, Bali, Indonesia", South Bali,20000, 4.5, 7:00 AM – 6:00 PM,-8.3726461,115.1027505,History,https://maps.app.goo.gl/qz3Qb4FqApULmCLZ7
230,Pandawa Beach," Kutuh, South Kuta, Badung Regency, Bali, Indonesia", South Bali,10000, 4.6, Open 24 hours,-8.84580465,115.1850876,Nautical,https://maps.app.goo.gl/kQC9KbaZZxNRYp2u6
231,Jimbaran Bay," Jimbaran, South Kuta, Badung Regency, Bali, Indonesia", South Bali,0, 4.5, Open 24 hours,-8.7833785,115.1594167,Nautical,https://maps.app.goo.gl/xLasDbN8oMv8aaku5
232,Kuta Beach," Kuta, Badung Regency, Bali, Indonesia", South Bali,0, 4.4, Open 24 hours,-8.8957862,116.289328,Nautical,https://maps.app.goo.gl/E7pqXv6bnw4Gd1f39
233,Seminyak," Kuta, Badung Regency, Bali, Indonesia", South Bali,0, 4.5, Open 24 hours,-8.6908357,115.1641975,Shopping,https://maps.app.goo.gl/f8bZPkXUhY8UmZKq8
234,Nusa Dua," Benoa, South Kuta, Badung Regency, Bali, Indonesia", South Bali,0, 4.5, Open 24 hours,-8.8016122,115.2239813,Nautical,https://maps.app.goo.gl/LfyCBVd83uYA2QJR9
235,Waterbom Bali," Kuta, Badung Regency, Bali, Indonesia", South Bali,355000, 4.5, 9:00 AM – 6:00 PM,-8.72829275,115.1706276,Entertainment,https://maps.app.goo.gl/sr23m2yKRP58C2PW9
236,Tanjung Benoa," Tanjung Benoa, South Kuta, Badung Regency, Bali, Indonesia", South Bali,0, 4.4, Open 24 hours,-8.76573985,115.2232562,Nautical,https://maps.app.goo.gl/8rK5LvDH8hCuwi3H6
237,Sanur," Denpasar Selatan, Denpasar, Bali, Indonesia", South Bali,0, 4.5, Open 24 hours,-8.6831728,115.2564626,Nautical,https://maps.app.goo.gl/cajFnf1e3mb7qU6W7
238,Sangeh Monkey Forest," Sangeh, Abiansemal, Badung Regency, Bali, Indonesia", South Bali,15000, 4.4, 7:30 AM – 5:30 PM,-8.479949,115.2064482,Nature,https://maps.app.goo.gl/rD4kyw9tLWqGfcbp7
239,Dreamland Beach," Pecatu, South Kuta, Badung Regency, Bali, Indonesia", South Bali,0, 4.6, Open 24 hours,-8.7996873,115.1175471,Nautical,https://maps.app.goo.gl/8vKASXPPqCLHuJt66
240,Pura Taman Ayun," Mengwi, Badung Regency, Bali, Indonesia", South Bali,20000, 4.5, 9:00 AM – 4:00 PM,-8.5418493,115.1724926,History,https://maps.app.goo.gl/kfHbwtfg7xenKWfL8
241,Bali Collection," Nusa Dua, Badung Regency, Bali, Indonesia", South Bali,0, 4.4, 10:00 AM – 10:00 PM,-8.80128965,115.2319404,Shopping,https://maps.app.goo.gl/vYi61tmDJbbzL8Ne8
242,Nyaman Gallery," Seminyak, Kuta, Badung Regency, Bali, Indonesia", South Bali,0, 4.3, 9:00 AM – 7:00 PM,-8.6847397,115.1668145,Art,https://maps.app.goo.gl/J2eYsdLXfHeiEWrR7
243,Bali Museum," Denpasar Selatan, Denpasar, Bali, Indonesia", South Bali,50000, 4.4, 8:00 AM – 4:00 PM,-8.7142647,115.1867151,History,https://maps.app.goo.gl/wUgdyQXCSHV1ZQbK7
244,Jalan Legian," Kuta, Badung Regency, Bali, Indonesia", South Bali,0, 4.4, Open 24 hours,-8.7027877,115.1703148,Shopping,https://maps.app.goo.gl/cyNwupNHYi8N4dMt5
245,Saraswati Temple," Ubud, Gianyar, Bali, Indonesia", South Bali,0, 4.4, Open 24 hours,-8.5058559,115.2615235,History,https://maps.app.goo.gl/aCrqgmKrWKFVpjC29
246,Pantai Balangan," Pecatu, South Kuta, Badung Regency, Bali, Indonesia", South Bali,0, 4.5, Open 24 hours,-8.7923274,115.1231962,Nautical,https://maps.app.goo.gl/WMmac8sAk6g4ZetM7
247,Pantai Suluban," Pecatu, South Kuta, Badung Regency, Bali, Indonesia", South Bali,0, 4.5, Open 24 hours,-8.8234774,115.0886254,Nautical,https://maps.app.goo.gl/5uYsfEQ1VcXWBx4A9
248,Pura Lempuyang Luhur," Bunutan, Abang, Karangasem Regency, Bali, Indonesia", South Bali,10000, 4.6, Open 24 hours,-8.3951892,115.6480606,History,https://maps.app.goo.gl/jpMCY7EEHRErUD548
249,Tegallalang Rice Terraces," Tegallalang, Gianyar, Bali, Indonesia", South Bali,0, 4.5, Open 24 hours,-8.43358225,115.2794557,Nature,https://maps.app.goo.gl/Z88fAxThXgQ9XjCi8
250,Pantai Melasti," Ungasan, South Kuta, Badung Regency, Bali, Indonesia", South Bali,0, 4.5, Open 24 hours,-8.71821365,115.1687568,Nautical,https://maps.app.goo.gl/L3orHMfszrBT1fvF7
251,Goa Lawah Temple," Pesinggahan, Dawan, Klungkung Regency, Bali, Indonesia",East Bali,30000, 4.4, Open 24 hours,-8.5515251,115.4689715,History,https://maps.app.goo.gl/5AzhGQ8yTS9JXxMv9
252,Tirta Gangga," Ababi, Abang, Karangasem Regency, Bali, Indonesia",East Bali,40000, 4.5, 7:00 AM – 7:00 PM,-8.4115957,115.5874437,Nature,https://maps.app.goo.gl/EpMK9AMSD79bYsZr7
253,Candidasa," Karangasem Regency, Bali, Indonesia",East Bali,0, 4.4, Open 24 hours,-8.5097035,115.5715862,Nautical,https://maps.app.goo.gl/wJvGj7RLYJfbkGqZA
254,Tenganan Village," Tenganan, Manggis, Karangasem Regency, Bali, Indonesia",East Bali,10000, 4.5, Open 24 hours,-8.4746834,115.5666957,History,https://maps.app.goo.gl/6Dab98yE1MJB3S5D6
255,White Sand Beach (Bias Tugel)," Karangasem Regency, Bali, Indonesia",East Bali,5000, 4.4, Open 24 hours,-8.5363233,115.5089537,Nautical,https://maps.app.goo.gl/BzcAPV4knybLv9ty9
256,Ujung Water Palace," Seraya, Karangasem Regency, Bali, Indonesia",East Bali,30000, 4.4, 7:00 AM – 7:00 PM,-8.46454605,115.6304955,History,https://maps.app.goo.gl/3uq2oEZR6nSpLGa66
257,Amed," Karangasem Regency, Bali, Indonesia",East Bali,0, 4.4, Open 24 hours,-8.332331601,115.6584278,Nautical,https://maps.app.goo.gl/W26QkHpDvEstB5Mo8
258,Pura Lempuyang Temple," Besakih, Rendang, Karangasem Regency, Bali, Indonesia",East Bali,15000, 4.6, Open 24 hours,-8.3937352,115.6399616,History,https://maps.app.goo.gl/M3PggSNazHvqucFA9
259,Mount Agung," Karangasem Regency, Bali, Indonesia",East Bali,0, 4.6, Open 24 hours,-8.3428923,115.5072076,Nature,https://maps.app.goo.gl/Nbb7etUDFt9PKLEe8
260,Tirta Empul Temple," Manukaya, Tampaksiring, Gianyar, Bali, Indonesia",East Bali,30000, 4.5, 7:00 AM – 6:00 PM,-8.41493385,115.3160258,History,https://maps.app.goo.gl/e3G8XWzKVM8dmiq16
261,Penglipuran Village," Kubu, Bangli Regency, Bali, Indonesia",East Bali,30000, 4.5, Open 24 hours,-8.4219004,115.3586802,History,https://maps.app.goo.gl/W4CFKtHBQiZu9W5s8
262,Sidemen Valley," Sidemen, Karangasem Regency, Bali, Indonesia",East Bali,0, 4.4, Open 24 hours,-8.4646476,115.4482101,Nature,https://maps.app.goo.gl/BsuNHHGKr56JENom8
263,Besakih Temple," Besakih, Rendang, Karangasem Regency, Bali, Indonesia",East Bali,75000, 4.5, Open 24 hours,-8.3232422,115.4463963,History,https://maps.app.goo.gl/mSMdHe9eAfZRLpy77
264,Bukit Asah Bugbug," Karangasem Regency, Bali, Indonesia",East Bali,0, 4.4, Open 24 hours,-8.4947581,115.5960209,Nature,https://maps.app.goo.gl/UCGkG7JdcDWJusXE9
265,Taman Soekasada Ujung," Tumbu, Karangasem Regency, Bali, Indonesia",East Bali,20000, 4.4, 8:00 AM – 6:00 PM,-8.46276597,115.6306309,History,https://maps.app.goo.gl/3uq2oEZR6nSpLGa66
266,Tukad Cepung Waterfall," Tembuku, Bangli Regency, Bali, Indonesia",East Bali,15000, 4.5, 6:30 AM – 6:30 PM,-8.4423213,115.3879035,Nature,https://maps.app.goo.gl/3sN6eD5gF9HYzsEj6
267,Blue Lagoon Beach," Padangbai, Karangasem Regency, Bali, Indonesia",East Bali,5000, 4.5, Open 24 hours,-8.52457371,115.5143182,Nautical,https://maps.app.goo.gl/s5KaiHdH8DwKXwca9
268,Goa Gala-Gala," Nusa Lembongan, Klungkung Regency, Bali, Indonesia",East Bali,20000, 4.4, 8:00 AM – 6:00 PM,-8.69168548,115.4397425,History,https://maps.app.goo.gl/ybAYtgZKnuFFazgq8
269,Tibumana Waterfall," Apuan, Bangli Regency, Bali, Indonesia",East Bali,15000, 4.5, 6:00 AM – 6:00 PM,-8.5068009,115.3330647,Nature,https://maps.app.goo.gl/yS2rMwmbJ7XHdQBa9
270,Goa Raja Waterfall," Bangli Regency, Bali, Indonesia",East Bali,15000, 4.4, 6:00 AM – 6:00 PM,-8.4384338,115.3723328,Nature,https://maps.app.goo.gl/2jhTGqmEW1ezmf1x8
271,Pura Dalem Penetaran Ped," Klungkung, Klungkung Regency, Bali, Indonesia",East Bali,0, 4.5, Open 24 hours,-8.2738432,114.5285393,History,https://maps.app.goo.gl/ybJHXybyUio3ehPz7
272,Bukit Teletubbies (Teletubbies Hill)," Karangasem Regency, Bali, Indonesia",East Bali,0, 4.3, Open 24 hours,-8.78517273,115.5747413,Nature,https://maps.app.goo.gl/g2tjcV1DPR2snCPv6
273,Pantai Jasri," Karangasem Regency, Bali, Indonesia",East Bali,0, 4.4, Open 24 hours,-8.4774795,115.6228469,Nautical,https://maps.app.goo.gl/HZdMxr2qpWVpdwWy9
274,Nusa Penida Island," Nusa Penida, Klungkung Regency, Bali, Indonesia",East Bali,0, 4.5, Open 24 hours,-8.74565245,115.534745,Nautical,https://maps.app.goo.gl/ZFcZkbD97Q2qCtdH6
275,Tenganan Pegringsingan," Tenganan, Manggis, Karangasem Regency, Bali, Indonesia",East Bali,15000, 4.5, Open 24 hours,-8.4746834,115.5666957,History,https://maps.app.goo.gl/6Dab98yE1MJB3S5D6
276,Menjangan Island," Buleleng Regency, Bali, Indonesia", West Bali,200000, 4.7, Open 24 hours,-8.09601895,114.5177964,Nautical,https://maps.app.goo.gl/aYobNKU67iGyBALV7
277,West Bali National Park," Buleleng Regency, Bali, Indonesia", West Bali,200000, 4.5, 7:00 AM – 6:00 PM,-8.16723015,114.4626955,Nature,https://maps.app.goo.gl/WS9ig2nQGWnWgma97
278,Pemuteran," Gerokgak, Buleleng Regency, Bali, Indonesia", West Bali,0, 4.5, Open 24 hours,-8.1600279,114.6135304,Nautical,https://maps.app.goo.gl/istAeHiGco6ChhRr9
279,Pulaki Temple," Banyupoh, Gerokgak, Buleleng Regency, Bali, Indonesia", West Bali,0, 4.4, Open 24 hours,-8.14542428,114.6803699,History,https://maps.app.goo.gl/JL4ghynSGkT5jMs28
280,Gilimanuk," Melaya, Jembrana Regency, Bali, Indonesia", West Bali,0, 4.3, Open 24 hours,-8.1707675,114.4361568,Nautical,https://maps.app.goo.gl/W4XLvuemMDxrSkJC8
281,Delodberawah," Jembrana Regency, Bali, Indonesia", West Bali,0, 4.4, Open 24 hours,-8.39805962,114.6776266,Nautical,https://maps.app.goo.gl/baSd7rKKSWm8MGE88
282,Pura Rambut Siwi," Mendoyo, Jembrana Regency, Bali, Indonesia", West Bali,10000, 4.5, 8:00 AM – 6:00 PM,-8.4030951,114.7661216,History,https://maps.app.goo.gl/j9jG18gz1wNf6Hbo6
283,Palasari Village," Melaya, Jembrana Regency, Bali, Indonesia", West Bali,0, 4.4, Open 24 hours,-8.069266328,114.5181705,Nautical,https://maps.app.goo.gl/sqhSUAQsSgCnSmnN6
284,Soka Beach," Selemadeg, Tabanan Regency, Bali, Indonesia", West Bali,0, 4.4, Open 24 hours,-8.5286686,114.9959718,Nautical,https://maps.app.goo.gl/HB8j9X5y2kaLXZdQA
285,Medewi Beach," Pulukan, Jembrana Regency, Bali, Indonesia", West Bali,0, 4.5, Open 24 hours,-8.4198142,114.8052192,Nautical,https://maps.app.goo.gl/gqtuYy5Ue8ys982T7
286,Bunut Bolong," Manggisari, Pekutatan, Jembrana Regency, Bali, Indonesia", West Bali,0, 4.4, Open 24 hours,-8.3867737,114.8735337,Nature,https://maps.app.goo.gl/hAusKNgyc1BiamwCA
287,Rambut Siwi Temple," Mendoyo, Jembrana Regency, Bali, Indonesia", West Bali,0, 4.4, Open 24 hours,-8.4030951,114.7661216,History,https://maps.app.goo.gl/TPUNJ9A43Pgy4pAz9
288,Balian Beach," Lalanglinggah, Selemadeg, Tabanan Regency, Bali, Indonesia", West Bali,0, 4.5, Open 24 hours,-8.5026987,114.9643489,Nautical,https://maps.app.goo.gl/RcD6VzQb7v8Zv6pF6
289,Palasari Dam," Palasari, Melaya, Jembrana Regency, Bali, Indonesia", West Bali,0, 4.4, Open 24 hours,-8.24821915,114.5482451,Nature,https://maps.app.goo.gl/PjVcU35JijgrQfjcA
290,Pekutatan Beach," Pekutatan, Jembrana Regency, Bali, Indonesia", West Bali,0, 4.4, Open 24 hours,-8.4198142,114.8052192,Nautical,https://maps.app.goo.gl/TtUyJBtVwVXu8kVL6
291,Soka Indah Restaurant & Cafe," Selemadeg, Tabanan Regency, Bali, Indonesia", West Bali,0, 4.4, 8:00 AM – 10:00 PM,-8.528733788,114.9969868,Kuliner,https://maps.app.goo.gl/fJgb7Yiqb7d5AoWy7
292,Tirta Kuning Holy Spring," Lalanglinggah, Selemadeg, Tabanan Regency, Bali, Indonesia", West Bali,0, 4.5, 7:00 AM – 6:00 PM,-8.230412152,115.1072785,History,https://maps.app.goo.gl/e3G8XWzKVM8dmiq16
293,Yeh Leh Beach," Selemadeg, Tabanan Regency, Bali, Indonesia", West Bali,0, 4.4, Open 24 hours,-8.4665032,114.9150825,Nautical,https://maps.app.goo.gl/RxKPGC7hvChbwDRYA
294,Gilimanuk Bay," Melaya, Jembrana Regency, Bali, Indonesia", West Bali,0, 4.4, Open 24 hours,-8.16448517,114.4386225,Nautical,https://maps.app.goo.gl/xRy5WAKBXBMHjepAA
295,Seririt Market," Seririt, Buleleng Regency, Bali, Indonesia", West Bali,0, 4.3, 6:00 AM – 6:00 PM,-8.1948823,114.9341183,Shopping,https://maps.app.goo.gl/qG5NPd2zxF7SsJ6u9
296,Pulaki Junction," Banyupoh, Gerokgak, Buleleng Regency, Bali, Indonesia", West Bali,0, 4.4, Open 24 hours,-8.14539213,114.6803764,Nautical,https://maps.app.goo.gl/vwDLw2TEgzbdKNPQ8
297,Banyuwedang Hotspring Water," Banyuwedang, Gerokgak, Buleleng Regency, Bali, Indonesia", West Bali,20000, 4.4, 8:00 AM – 6:00 PM,-8.13906944,114.570685,Nature,https://maps.app.goo.gl/ooW1S37QeLgyjk879
298,Palasari Dam Terrace," Palasari, Melaya, Jembrana Regency, Bali, Indonesia", West Bali,0, 4.3, Open 24 hours,-8.25317344,114.5507138,Nature,https://maps.app.goo.gl/DgWdxygdga5e1diZA
299,Delodberawah Rice Terrace," Jembrana Regency, Bali, Indonesia", West Bali,0, 4.4, Open 24 hours,-8.39491792,114.6755666,Nature,https://maps.app.goo.gl/F3VVYCYbbVbs6uFz9
300,Prancak Beach," Negara, Jembrana Regency, Bali, Indonesia", West Bali,0, 4.4, Open 24 hours,-8.40025818,114.6298146,Nautical,https://maps.app.goo.gl/NtQvS2GhxMA8XAyG6
